{"stats":{"minecraft:picked_up":{"minecraft:birch_log":2,"minecraft:stick":1,"cataclysm:monstrous_horn":2,"cataclysm:ignitium_ingot":3,"cataclysm:void_jaw":2,"minecraft:oak_log":10,"cataclysm:burning_ashes":1,"cataclysm:gauntlet_of_guard":1,"minecraft:dirt":254,"cataclysm:infernal_forge":2,"minecraft:apple":4,"cataclysm:void_core":1,"minecraft:oak_sapling":2},"minecraft:custom":{"minecraft:time_since_rest":91594,"minecraft:sprint_one_cm":37043,"minecraft:damage_absorbed":198,"minecraft:damage_taken":779,"minecraft:walk_one_cm":26283,"minecraft:mob_kills":5,"tombstone:raider_killed":2,"minecraft:damage_dealt":12951,"minecraft:fly_one_cm":106594,"minecraft:crouch_one_cm":2006,"minecraft:play_time":106623,"tombstone:undead_killed":1,"minecraft:deaths":3,"minecraft:sneak_time":1157,"minecraft:jump":556,"minecraft:leave_game":5,"minecraft:time_since_death":91564,"minecraft:total_world_time":106623,"minecraft:fall_one_cm":7078},"minecraft:mined":{"minecraft:grass_block":1,"minecraft:oak_log":1,"minecraft:dirt":3,"minecraft:oak_leaves":4},"minecraft:killed":{"cataclysm:ignited_revenant":1,"cataclysm:ender_guardian":1,"cataclysm:nameless_sorcerer":2,"crittersandcompanions:red_panda":1,"cataclysm:ignis":1,"cataclysm:endermaptera":1,"cataclysm:ender_golem":1},"minecraft:used":{"cataclysm:ignis_spawn_egg":1,"minecraft:oak_log":1,"cataclysm:ender_guardian_spawn_egg":1,"minecraft:netherite_sword":188,"cataclysm:infernal_forge":4,"cataclysm:endermaptera_spawn_egg":1,"minecraft:apple":3,"cataclysm:ignited_revenant_spawn_egg":1,"cataclysm:ender_golem_spawn_egg":1,"cataclysm:netherite_monstrosity_spawn_egg":2,"minecraft:wooden_sword":1,"minecraft:dirt":4,"cataclysm:nameless_sorcerer_spawn_egg":2}},"DataVersion":2975}