{"stats":{"minecraft:killed":{"cataclysm:ignited_revenant":1,"cataclysm:ender_guardian":1,"cataclysm:nameless_sorcerer":2,"crittersandcompanions:red_panda":1,"cataclysm:ignis":1,"cataclysm:endermaptera":1,"cataclysm:ender_golem":1},"minecraft:custom":{"minecraft:time_since_rest":235489,"minecraft:sprint_one_cm":45769,"minecraft:damage_absorbed":198,"minecraft:damage_taken":789,"minecraft:walk_one_cm":35249,"minecraft:mob_kills":5,"tombstone:raider_killed":2,"minecraft:damage_dealt":12971,"minecraft:fly_one_cm":170884,"minecraft:crouch_one_cm":7962,"minecraft:play_time":250518,"tombstone:undead_killed":1,"minecraft:deaths":3,"minecraft:sneak_time":3005,"minecraft:jump":712,"minecraft:leave_game":5,"minecraft:time_since_death":235459,"minecraft:total_world_time":250518,"minecraft:fall_one_cm":8667},"minecraft:mined":{"minecraft:grass_block":6,"minecraft:oak_log":1,"minecraft:dirt":3,"minecraft:oak_leaves":4},"minecraft:used":{"cataclysm:ignis_spawn_egg":1,"minecraft:oak_log":1,"cataclysm:ender_guardian_spawn_egg":1,"minecraft:netherite_sword":188,"cataclysm:infernal_forge":4,"apexguns:kraber":6,"cataclysm:endermaptera_spawn_egg":1,"minecraft:apple":3,"cataclysm:ignited_revenant_spawn_egg":1,"cataclysm:ender_golem_spawn_egg":1,"cataclysm:netherite_monstrosity_spawn_egg":2,"minecraft:oak_leaves":23,"additionalguns:scar":36,"minecraft:wooden_sword":1,"minecraft:dirt":4,"minecraft:cobblestone":2,"cataclysm:nameless_sorcerer_spawn_egg":2},"minecraft:picked_up":{"minecraft:birch_log":4,"minecraft:stick":1,"cataclysm:monstrous_horn":2,"cataclysm:ignitium_ingot":3,"cataclysm:void_jaw":2,"minecraft:oak_log":15,"cataclysm:burning_ashes":1,"cataclysm:gauntlet_of_guard":1,"minecraft:dirt":393,"cataclysm:infernal_forge":2,"minecraft:apple":4,"cataclysm:void_core":1,"minecraft:oak_sapling":4,"minecraft:coal":2,"minecraft:cobblestone":48}},"DataVersion":2975}